Accident_Severity,Road_Surface_Conditions,Weather_Conditions,Light_Conditions,Casualty_Severity,Age_of_Casualty,Engine_Capacity_(CC),Age_of_Vehicle,Age_of_Driver,Sex_of_Driver
4287593.0,4287593.0,4287593.0,4287593.0,4287593.0,4287593.0,4287593.0,4287593.0,4287593.0,4287593.0
2.821861589941023,1.3664352003560039,1.5728643087158694,1.9301328274395448,2.8799333332244923,34.87773956156753,1468.3230873359482,5.0208394313546085,34.97956709043979,1.3896869409013402
0.43058641882929294,0.6181715423884385,1.6233313542802763,1.6399541357942382,0.3538830887592927,18.422828865464435,1678.4191784549373,5.29088333195846,19.028333851459575,0.5806520184841446
1.0,-1.0,-1.0,1.0,1.0,-1.0,-1.0,-1.0,-1.0,-1.0
3.0,1.0,1.0,1.0,3.0,21.0,124.0,-1.0,22.0,1.0
3.0,1.0,1.0,1.0,3.0,32.0,1396.0,5.0,34.0,1.0
3.0,2.0,1.0,4.0,3.0,47.0,1896.0,9.0,47.0,2.0
3.0,5.0,9.0,7.0,3.0,103.0,99999.0,111.0,100.0,3.0
